{
  "columns": [
    "understand_government_institutions",
    "believe_government_institutions",
    "every_person_is_expert",
    "probability_take_part",
    "candidate_positive_importance",
    "candidate_negative_fair_importance",
    "like_easy_decision",
    "like_strong_leader_over_law",
    "person_or_government_importance"
  ],
  "real_mean": [
    5.45945945945946,
    4.22972972972973,
    2.527027027027027,
    69.95945945945945,
    5.094594594594595,
    8.364864864864865,
    5.662162162162162,
    3.5135135135135136,
    5.472972972972973
  ],
  "real_std": [
    2.3663701772808143,
    2.17197940173211,
    1.1650655122859779,
    29.570090435378525,
    2.7270859554879143,
    2.316651383006762,
    2.5483276287465793,
    1.1179523178349424,
    2.914191617422115
  ],
  "real_corr": [
    [
      1.0,
      0.15899073033527344,
      0.02241474924959346,
      0.2001213957381202,
      -0.04752358549131301,
      0.19433218268625427,
      0.2994744489764671,
      0.0024850383608768204,
      0.24676663708841015
    ],
    [
      0.15899073033527344,
      0.9999999999999998,
      -0.13918588400569348,
      0.3851119675034632,
      0.15275022698852087,
      0.1082794935418741,
      -0.09285300986906088,
      0.07147661965571422,
      0.26124405253299465
    ],
    [
      0.02241474924959346,
      -0.13918588400569348,
      1.0,
      -0.06016246142835841,
      0.19641311967104133,
      -0.10467522794173999,
      -0.09759459648477502,
      0.19583808760722324,
      0.1488523648586053
    ],
    [
      0.20012139573812018,
      0.3851119675034632,
      -0.06016246142835841,
      1.0,
      0.1930925664433757,
      0.16228881646214968,
      0.1405770064933095,
      -0.0969278663233581,
      0.3331417933013999
    ],
    [
      -0.04752358549131301,
      0.15275022698852087,
      0.19641311967104136,
      0.1930925664433757,
      1.0,
      0.18374213770368913,
      -0.048363563487632086,
      0.17315398826206285,
      0.26886786394386863
    ],
    [
      0.19433218268625427,
      0.10827949354187409,
      -0.10467522794173999,
      0.16228881646214965,
      0.18374213770368913,
      0.9999999999999998,
      0.1939028726698005,
      0.1227302374084495,
      -0.019402540652206278
    ],
    [
      0.2994744489764671,
      -0.09285300986906088,
      -0.09759459648477502,
      0.1405770064933095,
      -0.048363563487632086,
      0.19390287266980047,
      1.0,
      -0.08607347751875818,
      0.07340931541469606
    ],
    [
      0.0024850383608768204,
      0.07147661965571421,
      0.19583808760722324,
      -0.09692786632335812,
      0.17315398826206285,
      0.1227302374084495,
      -0.0860734775187582,
      0.9999999999999998,
      -0.022297694145165643
    ],
    [
      0.24676663708841015,
      0.26124405253299465,
      0.1488523648586053,
      0.3331417933013999,
      0.26886786394386863,
      -0.019402540652206278,
      0.07340931541469606,
      -0.022297694145165643,
      0.9999999999999999
    ]
  ],
  "synth_pred_mean": [
    5.5558001917154956,
    4.040344914533847,
    2.3140864513741035,
    61.42303975468492,
    4.8341475270562135,
    7.7358858209307275,
    5.829670843919772,
    3.112882751855614,
    5.307817848310051
  ],
  "synth_pred_std": [
    1.5799977338439035,
    2.7878486445254804,
    0.9885854015246422,
    29.590871964696642,
    1.4064881315631965,
    1.0408760566414137,
    0.9457328473830428,
    0.663934132228321,
    0.7995150241672124
  ]
}