{
  "understand_government_institutions": 1.4802999960131282,
  "believe_government_institutions": 1.3633622262676584,
  "every_person_is_expert": 0.5527544013845099,
  "probability_take_part": 6.936723622811115,
  "candidate_positive_importance": 1.309792162063905,
  "candidate_negative_fair_importance": 1.571715624010337,
  "like_easy_decision": 1.501953419883702,
  "like_strong_leader_over_law": 0.8756606436193551,
  "person_or_government_importance": 1.9813296544235801
}